equipe,nom,selections,poste,annees_en_sélection,debut,age,age_début,taille,poids
Argentina,Agustin Creevy,46,1e ligne,10.6,23-Apr-05,30,19,182,106
Argentina,Facundo Isa,13,3e ligne,1,8-Nov-14,22,21,188,103
Argentina,Guido Petti Pagadizabal,12,2e ligne,1,14-Nov-14,21,20,193,104
Argentina,Horacio Agulla,63,arrière,10,3-Dec-05,31,21,181,90
Argentina,Javier Ortega Desio,19,3e ligne,3.5,20-May-12,25,22,193,104
Argentina,Jeronimo De La Fuente,19,arrière,1.5,17-May-14,24,23,183,93
Argentina,Joaquin Tuculet,28,arrière,3.5,9-Jun-12,26,23,184,86
Argentina,Juan Figallo,24,1e ligne,5.4,26-Jun-10,27,22,190,115
Argentina,Juan Imhoff,33,arrière,5.5,23-May-10,27,22,185,90
Argentina,Juan Manuel Leguizamon,65,3e ligne,10.6,23-Apr-05,32,21,190,104
Argentina,Juan Martin Fernandez Lobbe,71,3e ligne,11.6,28-Apr-04,34,22,191,106
Argentina,Juan Martin Hernandez,58,demi,12.6,27-Apr-03,33,20,187,94
Argentina,Juan Pablo Orlandi,20,1e ligne,7.1,8-Nov-08,32,25,190,119
Argentina,Juan Pablo Socino,4,arrière,0.3,25-Jul-15,27,27,174,98
Argentina,Julian Montoya,16,1e ligne,1.5,17-May-14,22,21,183,110
Argentina,Leonardo Senatore,34,3e ligne,4.2,2-Oct-11,31,27,191,106
Argentina,Lucas Gonzalez Amorosino,48,arrière,8,15-Dec-07,30,22,185,93
Argentina,Lucas Noguera,23,1e ligne,1.5,17-May-14,22,21,179,107
Argentina,Marcelo Bosch,39,arrière,8.5,9-Jun-07,31,23,186,92
Argentina,Marcos Ayerza,65,1e ligne,11,4-Dec-04,32,21,186,113
Argentina,Mariano Galarza,25,2e ligne,5.5,12-Jun-10,29,24,203,115
Argentina,Martin Landajo,52,demi,5.5,21-May-10,27,22,171,81
Argentina,Matias Alemanno,20,2e ligne,1.5,17-May-14,23,22,198,112
Argentina,Matias Moroni,8,arrière,1.4,20-Jun-14,24,23,184,85
Argentina,Nahuel Tetaz Chaparro,22,1e ligne,5.5,23-May-10,26,21,188,121
Argentina,Nicolas Sanchez,39,demi,5.5,21-May-10,27,22,177,83
Argentina,Pablo Matera,22,3e ligne,2.6,1-May-13,22,19,193,99
Argentina,Ramiro Herrera,20,1e ligne,1.5,7-Jun-14,26,25,191,130
Argentina,Santiago Cordero,18,arrière,2,9-Nov-13,21,19,176,79
Argentina,Santiago Garcia Botta,7,1e ligne,2.6,27-Apr-13,23,20,185,105
Argentina,Santiago Gonzalez Iglesias,19,arrière,4.5,22-May-11,27,23,178,89
Argentina,Tomas Cubelli,45,demi,5.5,21-May-10,26,21,175,79
Argentina,Tomas Lavanini,27,2e ligne,2.6,27-Apr-13,22,19,200,118
Australia,Adam Ashley-Cooper,114,arrière,10.3,20-Aug-05,31,21,182,98
Australia,Ben McCalman,47,3e ligne,5.3,24-Jul-10,27,22,192,106
Australia,Bernard Foley,27,demi,2.1,5-Oct-13,26,24,182,89
Australia,David Pocock,55,3e ligne,7.1,1-Nov-08,27,20,187,115
Australia,Dean Mumm,44,2e ligne,7.5,14-Jun-08,31,24,196,109
Australia,Drew Mitchell,70,arrière,10.4,9-Jul-05,31,21,182,92
Australia,Greg Holmes,24,1e ligne,10.1,5-Nov-05,32,22,187,114
Australia,Henry Speight,5,arrière,1,22-Nov-14,27,26,186,97
Australia,Israel Folau,38,arrière,2.4,22-Jun-13,26,24,193,103
Australia,James Hanson,10,1e ligne,3.1,20-Oct-12,27,24,183,104
Australia,James Slipper,74,1e ligne,5.5,12-Jun-10,26,21,186,117
Australia,Joseph Tomane,17,arrière,3.5,5-Jun-12,25,22,188,101
Australia,Kane Douglas,23,2e ligne,3.2,15-Sep-12,26,23,202,123
Australia,Kurtley Beale,60,demi,6,28-Nov-09,26,20,184,92
Australia,Matt Giteau,102,demi,13,16-Nov-02,33,20,178,84
Australia,Matt Toomua,31,arrière,2.3,17-Aug-13,25,23,182,90
Australia,Michael Hooper,51,3e ligne,3.5,5-Jun-12,24,21,182,101
Australia,Nick Phipps,39,demi,4.4,17-Jul-11,26,22,180,87
Australia,Quade Cooper,58,demi,7.1,8-Nov-08,27,20,186,92
Australia,Rob Horne,29,arrière,5.5,5-Jun-10,26,21,186,93
Australia,Rob Simmons,60,2e ligne,5.3,24-Jul-10,26,21,200,115
Australia,Sam Carter,12,2e ligne,1.5,7-Jun-14,26,25,200,116
Australia,Scott Fardy,30,3e ligne,2.3,17-Aug-13,31,29,198,114
Australia,Scott Sio,16,1e ligne,2.3,17-Aug-13,24,22,187,115
Australia,Sean McMahon,6,3e ligne,1,8-Nov-14,21,20,186,100
Australia,Sekope Kepu,63,1e ligne,7.1,8-Nov-08,29,22,188,118
Australia,Stephen Moore,102,1e ligne,10.5,11-Jun-05,32,22,186,112
Australia,Tatafu Polota-Nau,61,1e ligne,10,12-Nov-05,30,20,181,114
Australia,Tevita Kuridrani,31,arrière,2.3,17-Aug-13,24,22,192,102
Australia,Toby Smith,3,1e ligne,0.2,5-Sep-15,27,27,190,116
Australia,Will Genia,66,demi,6.4,18-Jul-09,27,21,174,82
Australia,Will Skelton,14,2e ligne,1.4,21-Jun-14,23,22,203,140
Australia,Wycliff Palu,57,3e ligne,9.4,17-Jun-06,33,24,194,115
Canada,Aaron Carpenter,71,1e ligne,10.5,25-May-05,32,22,183,107
Canada,Andrew Tiedemann,38,1e ligne,6.5,30-May-09,27,21,183,115
Canada,Benoit Piffero,10,1e ligne,2,9-Nov-13,28,26,183,102
Canada,Brett Beukeboom,18,2e ligne,3.5,9-Jun-12,25,22,196,113
Canada,Ciaran Hearn,49,arrière,7.1,8-Nov-08,29,22,190,100
Canada,Connor Braid,19,demi,5.1,6-Nov-10,25,20,185,82
Canada,Conor Trainor,22,arrière,4.5,8-Jun-11,25,21,188,95
Canada,Djustice Sears-Duru,12,1e ligne,2,23-Nov-13,21,19,185,118
Canada,Doug Wooldridge,23,1e ligne,6.5,23-May-09,29,23,180,106
Canada,DTH Van Der Merwe,39,arrière,9.4,24-Jun-06,29,20,185,101
Canada,Evan Olmstead,7,2e ligne,0.3,29-Jul-15,24,24,197,115
Canada,Gordon McRorie,15,demi,1.5,7-Jun-14,27,26,178,80
Canada,Harry Jones,20,demi,3,17-Nov-12,26,23,185,90
Canada,Hubert Buydens,39,1e ligne,9.5,10-Jun-06,33,24,191,120
Canada,Jake Ilnicki,9,1e ligne,2,9-Nov-13,23,21,180,125
Canada,James Pritchard,62,arrière,12.3,26-Jul-03,36,24,175,85
Canada,Jamie Cudmore,39,2e ligne,13.4,13-Jul-02,37,24,198,116
Canada,Jamie Mackenzie,8,demi,5.1,6-Nov-10,26,21,175,89
Canada,Jebb Sinclair,42,3e ligne,7.1,1-Nov-08,29,22,193,111
Canada,Jeff Hassler,17,arrière,3.5,9-Jun-12,24,21,178,96
Canada,John Moonlight,23,3e ligne,6.5,6-Jun-09,28,22,187,103
Canada,Kyle Gilmour,14,3e ligne,2,23-Nov-13,27,25,185,85
Canada,Liam Underwood,11,demi,2.5,25-May-13,24,22,189,91
Canada,Matt Evans,32,arrière,7.1,8-Nov-08,27,20,183,93
Canada,Nanyak Dala,37,3e ligne,8.5,2-Jun-07,31,23,178,100
Canada,Nathan Hirayama,23,demi,7.1,1-Nov-08,27,20,183,88
Canada,Nick Blevins,28,arrière,6,15-Nov-09,27,21,187,98
Canada,Patrick Parfrey,7,demi,2.5,25-May-13,24,22,185,95
Canada,Phil Mack,31,demi,6.5,23-May-09,30,24,170,77
Canada,Phil Mackenzie,29,arrière,7.1,1-Nov-08,28,21,185,96
Canada,Ray Barkwill,26,1e ligne,3,9-Nov-12,35,32,180,103
Canada,Richard Thorpe,8,3e ligne,1,14-Nov-14,31,30,187,105
Canada,Tyler Ardron,22,3e ligne,3.5,9-Jun-12,24,21,194,110
England,Alex Goode,19,arrière,3.4,16-Jun-12,27,24,180,91
England,Anthony Watson,15,arrière,1,8-Nov-14,21,20,188,90
England,Ben Morgan,31,3e ligne,3.8,4-Feb-12,26,22,190,116
England,Ben Youngs,52,demi,5.7,13-Mar-10,26,20,178,87
England,Billy Vunipola,21,3e ligne,2.5,8-Jun-13,23,21,188,126
England,Brad Barritt,26,arrière,3.8,4-Feb-12,29,25,185,95
England,Chris Robshaw,43,3e ligne,6.5,13-Jun-09,29,23,188,110
England,Courtney Lawes,42,2e ligne,6.1,7-Nov-09,26,20,201,115
England,Dan Cole,56,1e ligne,5.8,6-Feb-10,28,22,189,118
England,Danny Care,53,demi,7.5,14-Jun-08,28,21,175,85
England,David Wilson,44,1e ligne,6.5,6-Jun-09,30,24,188,122
England,Geoff Parling,29,2e ligne,3.8,4-Feb-12,32,28,198,114
England,George Ford,17,demi,1.7,9-Mar-14,22,20,175,80
England,George Kruis,10,2e ligne,1,8-Nov-14,25,24,198,112
England,Henry Slade,2,arrière,0.3,15-Aug-15,22,22,190,90
England,Jack Nowell,10,arrière,1.8,1-Feb-14,22,20,180,89
England,James Haskell,62,3e ligne,8.7,17-Mar-07,30,21,193,114
England,Jamie George,3,1e ligne,0.3,22-Aug-15,25,25,183,109
England,Joe Launchbury,28,2e ligne,3,10-Nov-12,24,21,198,115
England,Joe Marler,37,1e ligne,3.5,9-Jun-12,25,22,183,113
England,Jonathan Joseph,16,arrière,3.5,9-Jun-12,24,21,183,93
England,Jonny May,19,arrière,2.4,15-Jun-13,25,23,189,90
England,Kieran Brookes,15,1e ligne,1.5,14-Jun-14,25,24,186,122
England,Mako Vunipola,27,1e ligne,3,10-Nov-12,24,21,182,118
England,Mike Brown,43,arrière,8.5,26-May-07,30,22,183,92
England,Nick Easter,54,3e ligne,8.8,10-Feb-07,37,28,192,114
England,Owen Farrell,35,demi,3.8,4-Feb-12,24,20,188,90
England,Richard Wigglesworth,27,demi,7.8,10-Feb-08,32,24,176,86
England,Rob Webber,16,1e ligne,3.8,11-Feb-12,29,25,183,110
England,Sam Burgess,5,arrière,0.3,15-Aug-15,26,26,193,116
England,Tom Wood,42,3e ligne,4.8,4-Feb-11,29,24,193,108
England,Tom Youngs,28,1e ligne,3,10-Nov-12,28,25,175,102
Fiji,Akapusi Qera,51,3e ligne,10.4,9-Jul-05,31,21,193,102
Fiji,Apisalome Ratuniyarawa,18,2e ligne,3,10-Nov-12,29,26,198,114
Fiji,Asaeli Tikoirotuma,17,arrière,2,9-Nov-13,29,27,186,93
Fiji,Ben Volavola,9,demi,0.4,11-Jul-15,24,24,191,89
Fiji,Campese Ma'afu,39,1e ligne,5.5,5-Jun-10,30,25,182,114
Fiji,Dominiko Waqaniburotu,27,3e ligne,5.5,5-Jun-10,29,24,189,111
Fiji,Gabiriele Lovobalavu,22,arrière,8.5,26-May-07,30,22,176,97
Fiji,Henry Seniloli,10,demi,2,23-Nov-13,26,24,174,70
Fiji,Isei Colati,9,1e ligne,1.5,7-Jun-14,31,30,175,115
Fiji,Josh Matavesi,16,demi,6,14-Nov-09,25,19,184,93
Fiji,Kini Murimurivalu,13,arrière,4.4,2-Jul-11,26,22,184,94
Fiji,Leone Nakarawa,35,2e ligne,6.5,13-Jun-09,27,21,198,117
Fiji,Lepani Botia,7,arrière,2,9-Nov-13,26,24,178,98
Fiji,Leroy Atalifo,4,1e ligne,1.4,28-Jun-14,27,26,180,130
Fiji,Malakai Ravulo,36,3e ligne,5,13-Nov-10,32,27,190,107
Fiji,Manasa Saulo,27,1e ligne,3,10-Nov-12,26,23,189,111
Fiji,Metuisela Talebula,19,arrière,3.4,16-Jun-12,24,21,186,88
Fiji,Nemani Nadolo,23,arrière,5.5,5-Jun-10,27,22,194,125
Fiji,Nemia Kenatale,37,demi,7.4,22-Jun-08,29,22,179,85
Fiji,Nemia Soqeta,9,2e ligne,1,8-Nov-14,30,29,196,117
Fiji,Netani Talei,33,3e ligne,9.5,10-Jun-06,32,23,190,110
Fiji,Nikola Matawalu,28,demi,5.5,12-Jun-10,26,21,179,85
Fiji,Peceli Yato,6,3e ligne,0.4,18-Jul-15,22,22,183,104
Fiji,Peni Ravai,13,1e ligne,2,23-Nov-13,25,23,185,105
Fiji,Sakiusa Matadigo,22,3e ligne,9.5,10-Jun-06,33,24,188,106
Fiji,Sunia Koto,46,1e ligne,10.5,3-Jun-05,35,25,178,110
Fiji,Talemaitoga Tuapati,31,1e ligne,5.5,5-Jun-10,31,26,180,107
Fiji,Taniela Koroi,3,1e ligne,1,21-Nov-14,25,24,184,115
Fiji,Tevita Cavubati,12,2e ligne,4.4,2-Jul-11,28,24,200,120
Fiji,Timoci Nagusa,24,arrière,7.5,7-Jun-08,28,21,188,100
Fiji,Vereniki Goneva,39,arrière,8.5,19-May-07,31,23,189,99
Fiji,Viliame Veikoso,32,1e ligne,6,14-Nov-09,33,27,178,102
Fiji,Waisea Nayacalevu,13,arrière,3.5,5-Jun-12,25,22,195,97
France,Alexandre Dumoulin,8,arrière,1,8-Nov-14,26,25,189,98
France,Alexandre Flanquart,18,2e ligne,2.5,8-Jun-13,26,24,204,120
France,Benjamin Kayser,37,1e ligne,7.4,28-Jun-08,31,24,183,108
France,Bernard Le Roux,23,3e ligne,2.4,15-Jun-13,26,24,196,113
France,Brice Dulin,24,arrière,3.4,16-Jun-12,25,22,176,82
France,Damien Chouly,36,3e ligne,8.5,2-Jun-07,29,21,192,109
France,Dimitri Szarzewski,83,1e ligne,11.4,10-Jul-04,32,21,181,101
France,Eddy Ben Arous,12,1e ligne,2.4,22-Jun-13,25,23,184,109
France,Frederic Michalak,77,demi,14.1,10-Nov-01,33,19,180,87
France,Fulgence Ouedraogo,39,3e ligne,8.5,9-Jun-07,29,21,191,100
France,Gael Fickou,15,arrière,2.7,16-Mar-13,21,18,190,99
France,Guilhem Guirado,38,1e ligne,7.7,9-Mar-08,29,21,180,109
France,Louis Picamoles,51,3e ligne,7.8,9-Feb-08,29,21,192,118
France,Mathieu Bastareaud,39,arrière,6.7,27-Feb-09,27,20,183,125
France,Morgan Parra,66,demi,7.8,3-Feb-08,27,19,180,83
France,Nicolas Mas,85,1e ligne,12.4,28-Jun-03,35,23,180,108
France,Noa Nakaitaci,8,arrière,0.7,15-Mar-15,25,24,190,97
France,Pascal Pape,65,2e ligne,11.8,14-Feb-04,35,23,195,118
France,Rabah Slimani,21,1e ligne,2,9-Nov-13,26,24,178,112
France,Remi Tales,24,demi,2.4,15-Jun-13,31,29,186,93
France,Remy Grosso,1,arrière,0.2,1-Oct-15,26,26,188,103
France,Rory Kockott,11,demi,1,8-Nov-14,29,28,180,89
France,Scott Spedding,14,arrière,1,8-Nov-14,29,28,186,100
France,Sebastien Tillous-Borde,19,demi,7.4,28-Jun-08,30,23,176,87
France,Sofiane Guitoune,5,arrière,2,16-Nov-13,26,24,184,94
France,Thierry Dusautoir,80,3e ligne,9.4,17-Jun-06,34,25,188,103
France,Uini Atonio,10,1e ligne,1,8-Nov-14,25,24,197,145
France,Vincent Debaty,37,1e ligne,9.4,17-Jun-06,34,25,190,125
France,Wesley Fofana,39,arrière,3.8,4-Feb-12,27,23,182,93
France,Yannick Nyanga,46,3e ligne,11.4,3-Jul-04,31,20,188,103
France,Yoann Huget,41,arrière,5,20-Nov-10,28,23,187,96
France,Yoann Maestri,42,2e ligne,3.8,4-Feb-12,27,23,201,119
Georgia,Alexander Todua,50,arrière,7.7,29-Mar-08,28,20,183,92
Georgia,Anton Peikrishvili,16,1e ligne,7.8,2-Feb-08,28,20,182,118
Georgia,Beka Tsiklauri,23,arrière,7.4,20-Jun-08,26,19,180,87
Georgia,Davit Kacharava,87,arrière,9.6,29-Apr-06,30,20,184,96
Georgia,Davit Kubriashvili,40,1e ligne,7.8,2-Feb-08,28,20,183,122
Georgia,Davit Zirakashvili,53,1e ligne,11.1,30-Oct-04,32,21,179,117
Georgia,Giorgi Aptsiauri,14,arrière,1,23-Nov-14,21,20,178,89
Georgia,Giorgi Begadze,40,demi,4.5,15-Jun-11,29,25,178,81
Georgia,Giorgi Chkhaidze,86,2e ligne,13.8,3-Feb-02,34,20,195,112
Georgia,Giorgi Nemsadze,54,2e ligne,10,12-Nov-05,31,21,194,111
Georgia,Giorgi Pruidze,5,arrière,0.5,13-Jun-15,21,21,192,95
Georgia,Giorgi Tkhilaishvili,24,3e ligne,3.5,9-Jun-12,24,21,180,103
Georgia,Jaba Bregvadze,32,1e ligne,7.5,11-Jun-08,28,21,180,102
Georgia,Karlen Asieshvili,16,1e ligne,7.4,20-Jun-08,28,21,184,112
Georgia,Konstantine Mikautadze,40,2e ligne,5.5,11-Jun-10,24,19,200,125
Georgia,Lasha Khmaladze,39,demi,7.5,11-Jun-08,27,20,180,82
Georgia,Lasha Lomidze,15,3e ligne,2.8,23-Feb-13,23,20,195,108
Georgia,Lasha Malaguradze,62,demi,7.8,2-Feb-08,29,21,185,92
Georgia,Levan Chilachava,27,1e ligne,3.8,11-Feb-12,24,20,188,125
Georgia,Levan Datunashvili,75,2e ligne,11.8,22-Feb-04,32,20,196,114
Georgia,Mamuka Gorgodze,65,3e ligne,12.8,22-Feb-03,31,18,196,118
Georgia,Merab Kvirikashvili,88,arrière,12.8,16-Feb-03,31,18,177,80
Georgia,Merab Sharikadze,40,arrière,3.8,11-Feb-12,22,18,185,96
Georgia,Mikheil Nariashvili,32,1e ligne,3.8,11-Feb-12,25,21,186,118
Georgia,Murazi Giorgadze,9,arrière,1.5,14-Jun-14,21,20,182,85
Georgia,Nikoloz Khatiashvili,2,1e ligne,0.5,13-Jun-15,23,23,177,113
Georgia,Shalva Mamukashvili,35,1e ligne,4.5,10-Jun-11,25,21,180,106
Georgia,Shalva Sutiashvili,52,3e ligne,10,12-Nov-05,31,21,193,102
Georgia,Simon Maisuradze,33,1e ligne,7.8,23-Feb-08,29,21,180,108
Georgia,Tamaz Mchedlidze,35,arrière,2.8,2-Feb-13,22,19,194,108
Georgia,Vasil Lobzhanidze,10,demi,0.8,7-Feb-15,19,18,175,75
Georgia,Vazha Khutsishvili,20,demi,2.8,23-Feb-13,22,19,165,73
Georgia,Viktor Kolelishvili,36,3e ligne,7.4,20-Jun-08,26,19,192,104
Ireland,Chris Henry,24,3e ligne,5.4,26-Jun-10,31,26,191,107
Ireland,Cian Healy,56,1e ligne,6,15-Nov-09,28,22,185,112
Ireland,Conor Murray,42,demi,4.3,13-Aug-11,26,22,188,94
Ireland,Darren Cave,11,arrière,6.5,23-May-09,28,22,183,93
Ireland,Dave Kearney,14,arrière,2,9-Nov-13,26,24,180,91
Ireland,Devin Toner,31,2e ligne,5,13-Nov-10,29,24,208,124
Ireland,Donnacha Ryan,34,2e ligne,7,22-Nov-08,31,24,201,116
Ireland,Eoin Reddan,68,demi,9.8,11-Feb-06,35,25,178,83
Ireland,Iain Henderson,23,2e ligne,3,10-Nov-12,23,20,198,114
Ireland,Ian Madigan,25,demi,2.7,9-Mar-13,26,23,180,90
Ireland,Jack McGrath,25,1e ligne,2,9-Nov-13,26,24,185,118
Ireland,Jamie Heaslip,80,3e ligne,9,26-Nov-06,31,22,193,110
Ireland,Jared Payne,10,arrière,1,8-Nov-14,30,29,188,95
Ireland,Jonathan Sexton,56,demi,6,21-Nov-09,30,24,188,92
Ireland,Jordi Murphy,14,3e ligne,1.8,22-Feb-14,24,22,188,108
Ireland,Keith Earls,46,arrière,7.1,8-Nov-08,28,21,178,92
Ireland,Luke Fitzgerald,34,arrière,9,26-Nov-06,28,19,185,91
Ireland,Mike McCarthy,17,2e ligne,4.3,6-Aug-11,33,29,193,115
Ireland,Mike Ross,56,1e ligne,6.5,23-May-09,35,29,188,127
Ireland,Nathan White,8,1e ligne,0.3,15-Aug-15,34,34,188,122
Ireland,Paddy Jackson,13,demi,2.8,24-Feb-13,23,20,180,80
Ireland,Paul O'Connell,108,2e ligne,13.8,3-Feb-02,36,22,198,112
Ireland,Peter O'Mahony,35,3e ligne,3.8,25-Feb-12,26,22,191,107
Ireland,Rhys Ruddock,6,3e ligne,5.4,26-Jun-10,25,20,191,111
Ireland,Richardt Strauss,13,1e ligne,3,10-Nov-12,29,26,175,101
Ireland,Rob Kearney,67,arrière,8.5,2-Jun-07,29,21,185,95
Ireland,Robbie Henshaw,15,arrière,2.5,8-Jun-13,22,20,191,100
Ireland,Rory Best,89,1e ligne,10,12-Nov-05,33,23,180,110
Ireland,Sean Cronin,48,1e ligne,6,21-Nov-09,29,23,180,101
Ireland,Sean O'Brien,41,3e ligne,6,21-Nov-09,28,22,188,108
Ireland,Simon Zebo,21,arrière,3.5,9-Jun-12,25,22,188,94
Ireland,Tadhg Furlong,3,1e ligne,0.2,29-Aug-15,23,23,185,119
Ireland,Tommy Bowe,67,arrière,11,20-Nov-04,31,20,190,96
Italy,Alberto De Marchi,29,1e ligne,3.5,9-Jun-12,29,26,183,117
Italy,Alessandro Zanni,94,3e ligne,10,12-Nov-05,31,21,188,107
Italy,Andrea Lovotti,0,1e ligne,,,26,26,184,110
Italy,Andrea Manici,16,1e ligne,2.4,15-Jun-13,25,23,183,103
Italy,Andrea Masi,95,arrière,16.3,26-Aug-99,34,18,183,99
Italy,Carlo Canna,7,demi,0.3,22-Aug-15,23,23,185,90
Italy,Dario Chistolini,13,1e ligne,1.5,14-Jun-14,27,26,180,109
Italy,Davide Giazzon,24,1e ligne,3.5,9-Jun-12,29,26,180,106
Italy,Edoardo Gori,47,demi,5,20-Nov-10,25,20,180,86
Italy,Enrico Bacchin,5,arrière,0.7,28-Feb-15,22,21,182,97
Italy,Francesco Minto,23,3e ligne,3,17-Nov-12,28,25,193,107
Italy,Giovanbattista Venditti,33,arrière,3.8,4-Feb-12,25,21,187,110
Italy,Gonzalo Garcia,39,arrière,7.4,21-Jun-08,31,24,185,96
Italy,Guglielmo Palazzani,15,demi,1.5,7-Jun-14,24,23,173,83
Italy,Josh Furno,35,2e ligne,4.3,20-Aug-11,26,22,200,108
Italy,Leonardo Ghiraldini,80,1e ligne,9.5,11-Jun-06,30,21,184,103
Italy,Leonardo Sarto,23,arrière,2.4,22-Jun-13,23,21,192,93
Italy,Lorenzo Cittadini,44,1e ligne,7.8,2-Feb-08,32,24,190,120
Italy,Luke McLean,75,arrière,7.4,21-Jun-08,28,21,190,98
Italy,Marcello Violi,2,demi,0.3,22-Aug-15,22,22,176,83
Italy,Marco Fuser,6,2e ligne,3.4,15-Jun-12,24,21,198,124
Italy,Martin Castrogiovanni,115,1e ligne,13.5,8-Jun-02,34,21,188,117
Italy,Matias Aguero,40,1e ligne,10,12-Nov-05,34,24,184,106
Italy,Mauro Bergamasco,106,3e ligne,17,18-Nov-98,36,19,185,104
Italy,Michele Campagnaro,18,arrière,2,16-Nov-13,22,20,184,91
Italy,Michele Rizzo,22,1e ligne,10.4,25-Jun-05,33,23,188,110
Italy,Michele Visentin,1,arrière,0.7,28-Feb-15,23,22,184,92
Italy,Quintin Geldenhuys,61,2e ligne,6.5,13-Jun-09,34,28,203,118
Italy,Samuela Vunisa,11,3e ligne,1,22-Nov-14,27,26,189,117
Italy,Sergio Parisse,114,3e ligne,13.5,8-Jun-02,32,19,196,112
Italy,Simone Favaro,27,3e ligne,6.4,20-Jun-09,27,21,183,100
Italy,Tommaso Allan,21,demi,2,9-Nov-13,22,20,184,87
Italy,Tommaso Benvenuti,34,arrière,5,13-Nov-10,24,19,187,100
Italy,Valerio Bernabo,27,2e ligne,11,27-Nov-04,31,20,198,110
Japan,Akihito Yamada,15,arrière,2,15-Nov-13,30,28,181,90
Japan,Amanaki Mafi,7,3e ligne,1,15-Nov-14,25,24,189,112
Japan,Atsushi Hiwasa,51,demi,4.6,30-Apr-11,28,23,166,72
Japan,Ayumu Goromaru,57,arrière,10.6,16-Apr-05,29,18,185,99
Japan,Craig arrière,11,arrière,2.5,10-May-13,35,33,180,90
Japan,Fumiaki Tanaka,53,demi,7.6,3-May-08,30,22,166,71
Japan,Harumichi Tatekawa,43,arrière,3.6,28-Apr-12,25,21,181,94
Japan,Hendrik Tui,36,3e ligne,3.5,10-Jun-12,27,24,189,107
Japan,Hiroki Yuhara,22,1e ligne,5.6,1-May-10,31,25,173,102
Japan,Hiroshi Yamashita,49,1e ligne,6.6,25-Apr-09,29,22,183,122
Japan,Hitoshi Ono,96,2e ligne,11.5,16-May-04,37,26,192,106
Japan,Justin Ives,33,3e ligne,4.6,30-Apr-11,31,26,196,105
Japan,Karne Hesketh,14,arrière,1,15-Nov-14,30,29,178,98
Japan,Keita Inagaki,10,1e ligne,1,15-Nov-14,25,24,183,115
Japan,Kenki Fukuoka,17,arrière,2.6,20-Apr-13,23,20,175,83
Japan,Kensuke Hatakeyama,72,1e ligne,7,16-Nov-08,30,23,178,115
Japan,Kosei Ono,32,demi,8.6,22-Apr-07,28,19,171,83
Japan,Kotaro Matsushima,16,arrière,1.6,3-May-14,22,20,175,88
Japan,Luke Thompson,63,2e ligne,8.6,29-Apr-07,34,25,196,108
Japan,Male Sau,26,arrière,2.6,20-Apr-13,28,25,183,97
Japan,Masataka Mikami,32,1e ligne,2.6,20-Apr-13,27,24,178,115
Japan,Michael Broadhurst,26,3e ligne,3,10-Nov-12,29,26,196,111
Japan,Michael Leitch,47,3e ligne,7,16-Nov-08,27,20,190,105
Japan,Ryu Koliniasi Holani,44,3e ligne,7.6,10-May-08,34,26,188,112
Japan,Shinya Makabe,34,2e ligne,6,21-Nov-09,28,22,192,118
Japan,Shoji Ito,36,2e ligne,3.6,28-Apr-12,34,30,191,100
Japan,Shota Horie,42,1e ligne,6,15-Nov-09,29,23,180,105
Japan,Takeshi Kizu,41,1e ligne,6,21-Nov-09,27,21,183,114
Japan,Toshiaki Hirose,28,arrière,8.6,29-Apr-07,34,25,173,82
Japan,Yoshikazu Fujita,29,arrière,3.6,5-May-12,22,18,184,90
Japan,Yu Tamura,35,demi,3.6,28-Apr-12,26,22,181,92
Namibia,AJ De Klerk,7,1e ligne,0.4,17-Jun-15,23,23,178,128
Namibia,Casper Viviers,15,1e ligne,5,27-Nov-10,27,22,185,112
Namibia,Chrysander Botha,37,arrière,7.3,2-Aug-08,27,20,185,91
Namibia,Conrad Marais,10,arrière,5,20-Nov-10,26,21,193,103
Namibia,Damian Stevens,4,demi,0.3,8-Aug-15,20,20,175,82
Namibia,Danie Van Wyk,15,arrière,4.5,10-Jun-11,29,25,188,91
Namibia,Darryl De La Harpe,28,arrière,5.8,23-Jan-10,29,23,183,97
Namibia,David Philander,26,arrière,7.5,14-Jun-08,28,21,175,93
Namibia,Eneill Buitendag,15,demi,5.8,23-Jan-10,26,20,187,97
Namibia,Eugene Jantjies,46,demi,9.5,27-May-06,29,20,177,87
Namibia,Heinrich Smit,13,arrière,2.5,11-Jun-13,25,23,175,88
Namibia,Jaco Engels,15,1e ligne,2.5,11-Jun-13,34,32,185,122
Namibia,Jacques Burger,36,3e ligne,11.3,14-Aug-04,32,21,188,102
Namibia,Janco Venter,11,2e ligne,2,8-Nov-13,21,19,193,100
Namibia,JC Greyling,10,arrière,1.1,29-Oct-14,24,23,187,92
Namibia,Johan Coetzee,8,1e ligne,0.5,6-Jun-15,27,27,186,120
Namibia,Johan Deysel,12,arrière,2,16-Nov-13,24,22,184,94
Namibia,Johan Tromp,22,arrière,3,10-Nov-12,24,21,183,91
Namibia,Johnny Redelinghuys,49,1e ligne,9.2,9-Sep-06,31,22,184,127
Namibia,Leneve Damens,5,3e ligne,0.5,6-Jun-15,22,22,186,100
Namibia,Louis van der Westhuizen,6,1e ligne,2,8-Nov-13,20,18,178,93
Namibia,PJ Van Lill,40,3e ligne,9.2,9-Sep-06,31,22,192,113
Namibia,Raoul Larson,8,1e ligne,4.2,10-Sep-11,31,27,185,125
Namibia,Renaldo Bothma,10,3e ligne,1.4,28-Jun-14,26,25,190,113
Namibia,Rohan Kitshoff,26,3e ligne,5,20-Nov-10,30,25,182,98
Namibia,Russel Van Wyk,7,arrière,0.4,21-Jun-15,25,25,180,88
Namibia,Theuns Kotze,29,demi,4.5,15-Jun-11,29,25,175,86
Namibia,Tinus Du Plessis,47,3e ligne,9.2,9-Sep-06,31,22,195,104
Namibia,Tjiuee Uanivi,14,2e ligne,1.1,29-Oct-14,24,23,200,108
Namibia,Torsten Van Jaarsveld,11,1e ligne,1.1,29-Oct-14,28,27,173,100
Namibia,Wian Conradie,3,3e ligne,0.3,8-Aug-15,21,21,185,105
New Zealand,Aaron Smith,47,demi,3.5,9-Jun-12,27,24,171,82
New Zealand,Beauden Barrett,36,demi,3.4,23-Jun-12,24,21,187,91
New Zealand,Ben Franks,47,1e ligne,5.5,12-Jun-10,31,26,183,117
New Zealand,Ben Smith,48,arrière,6,14-Nov-09,29,23,186,94
New Zealand,Brodie Retallick,47,2e ligne,3.5,9-Jun-12,24,21,204,120
New Zealand,Charlie Faumuina,33,1e ligne,3.2,8-Sep-12,28,25,184,128
New Zealand,Codie Taylor,4,1e ligne,0.4,17-Jul-15,24,24,183,106
New Zealand,Colin Slade,21,demi,5.2,11-Sep-10,28,23,183,90
New Zealand,Conrad Smith,94,arrière,11,13-Nov-04,34,23,186,95
New Zealand,Dane Coles,36,1e ligne,3,11-Nov-12,28,25,184,110
New Zealand,Daniel Carter,112,demi,12.4,21-Jun-03,33,21,178,96
New Zealand,Jerome Kaino,67,3e ligne,9.5,10-Jun-06,32,23,196,110
New Zealand,Joe Moody,11,1e ligne,1.3,16-Aug-14,27,26,188,112
New Zealand,Julian Savea,41,arrière,3.5,9-Jun-12,25,22,192,106
New Zealand,Keven Mealamu,132,1e ligne,13,23-Nov-02,36,23,181,109
New Zealand,Kieran Read,84,3e ligne,7.1,8-Nov-08,30,23,193,110
New Zealand,Liam Messam,43,3e ligne,7.1,8-Nov-08,31,24,190,109
New Zealand,Luke Romano,22,2e ligne,3.4,23-Jun-12,29,26,199,113
New Zealand,Ma'a Nonu,103,arrière,12.5,14-Jun-03,33,21,182,108
New Zealand,Malakai Fekitoa,13,arrière,1.5,7-Jun-14,23,22,187,99
New Zealand,Nehe Milner-Skudder,8,arrière,0.3,8-Aug-15,24,24,182,90
New Zealand,Owen Franks,78,1e ligne,6.4,27-Jun-09,27,21,185,118
New Zealand,Pauliasi Manu,0,1e ligne,,,27,27,184,115
New Zealand,Richie McCaw,148,3e ligne,14,17-Nov-01,34,20,187,105
New Zealand,Sam Cane,31,3e ligne,3.4,16-Jun-12,23,20,189,105
New Zealand,Samuel White2e ligne,73,2e ligne,5.5,12-Jun-10,27,22,202,116
New Zealand,Sonny Bill Williams,33,arrière,5.1,6-Nov-10,30,25,191,108
New Zealand,Tawera Kerr-Barlow,20,demi,3,11-Nov-12,25,22,187,89
New Zealand,TJ Perenara,17,demi,1.5,7-Jun-14,23,22,183,94
New Zealand,Tony Woodcock,118,1e ligne,13,23-Nov-02,34,21,184,120
New Zealand,Victor Vito,33,3e ligne,5.5,12-Jun-10,28,23,192,109
New Zealand,Waisake Naholo,3,arrière,0.4,17-Jul-15,24,24,186,102
New Zealand,Wyatt Crockett,45,1e ligne,6.4,27-Jun-09,32,26,193,116
Romania,Adrian Apostol,22,arrière,4.5,10-Jun-11,25,21,187,93
Romania,Alexandru Tarus,9,1e ligne,2.5,12-Jun-13,26,24,184,111
Romania,Andrei Radoi,50,1e ligne,7.7,22-Mar-08,28,20,181,103
Romania,Andrei Ursache,26,1e ligne,3.8,4-Feb-12,31,27,180,117
Romania,Catalin Fercu,84,arrière,10,19-Nov-05,29,19,184,87
Romania,Csaba Gal,88,arrière,10,26-Nov-05,30,20,184,97
Romania,Daniel Carpo,54,3e ligne,8.5,10-Jun-07,30,22,191,106
Romania,Danut Dumbrava,74,demi,13.1,1-Nov-02,34,21,187,95
Romania,Eugen Capatana,18,1e ligne,3.7,31-Mar-12,29,25,180,105
Romania,Florin Ionita,18,arrière,2.5,12-Jun-13,25,23,195,96
Romania,Florin Surugiu,54,demi,7.5,11-Jun-08,30,23,170,81
Romania,Florin Vlaicu,85,arrière,9.5,3-Jun-06,29,20,186,98
Romania,Horatiu Pungea,28,1e ligne,3,10-Nov-12,29,26,188,130
Romania,Ionut Botezatu,31,arrière,6.8,14-Feb-09,27,20,180,80
Romania,Johannes van Heerden,5,2e ligne,0.2,5-Sep-15,28,28,196,118
Romania,Madalin Lemnaru,30,arrière,6.8,7-Feb-09,26,19,188,95
Romania,Marius Antonescu,10,2e ligne,1.4,22-Jun-14,23,22,198,112
Romania,Michael Wiringi,4,demi,0.4,21-Jun-15,30,30,173,87
Romania,Mihai Macovei,67,3e ligne,9.5,3-Jun-06,29,20,194,108
Romania,Mihaita Lazar,51,1e ligne,7.7,22-Mar-08,29,21,186,118
Romania,Otar Turashvili,25,1e ligne,3.5,8-Jun-12,29,26,184,118
Romania,Ovidiu Tonita,72,3e ligne,15.8,6-Feb-00,35,19,195,109
Romania,Paula Kinikinilau,5,arrière,0.2,5-Sep-15,29,29,185,105
Romania,Paulica Ion,74,1e ligne,12.1,22-Oct-03,32,20,183,118
Romania,Sabin Stratila,1,arrière,0.7,14-Mar-15,20,19,187,80
Romania,Stelian Burcea,53,3e ligne,9.4,17-Jun-06,32,23,189,107
Romania,Tudorel Bratu,1,demi,0.1,11-Oct-15,24,24,175,80
Romania,Valentin Calafeteanu,77,demi,11,20-Nov-04,30,19,182,82
Romania,Valentin Poparlan,51,2e ligne,8.5,16-Jun-07,28,20,196,117
Romania,Valentin Ursache,63,3e ligne,11.4,26-Jun-04,29,18,194,112
Romania,Viorel Lucaci,46,3e ligne,6,28-Nov-09,29,23,190,103
Samoa,Alafoti Faosiliva,15,3e ligne,9.4,17-Jun-06,30,21,185,112
Samoa,Alesana Tuilagi,37,arrière,13.4,22-Jun-02,34,21,194,111
Samoa,Anthony Perenise,28,1e ligne,5.5,12-Jun-10,33,28,182,118
Samoa,Census Johnston,52,1e ligne,10.5,11-Jun-05,34,24,190,135
Samoa,Fa'atoina Autagavaia,18,arrière,3.5,5-Jun-12,27,24,178,82
Samoa,Faifili Levave,10,3e ligne,2,9-Nov-13,29,27,194,100
Samoa,George Pisi,19,arrière,5.5,12-Jun-10,29,24,188,103
Samoa,Iosefa Tekori,34,2e ligne,8.5,9-Jun-07,31,23,198,119
Samoa,Jack Lam,19,3e ligne,2.5,8-Jun-13,28,26,183,101
Samoa,Jake Grey,4,1e ligne,1.5,30-May-14,31,30,170,110
Samoa,Johnny Leota,20,arrière,4.4,9-Jul-11,31,27,183,93
Samoa,Kahn Fotuali'i,28,demi,5.1,30-Oct-10,33,28,184,94
Samoa,Kane Thompson,33,2e ligne,8.5,19-May-07,33,25,198,113
Samoa,Ken Pisi,10,arrière,3.5,5-Jun-12,26,23,180,89
Samoa,Ma'atulimanu Leiataua,9,1e ligne,2.5,8-Jun-13,28,26,180,106
Samoa,Maurie Faasavalu,27,3e ligne,13.4,6-Jul-02,35,22,191,112
Samoa,Mike Stanley,8,demi,1,8-Nov-14,25,24,183,88
Samoa,Motu Matu'u,7,1e ligne,0.4,18-Jul-15,28,28,180,112
Samoa,Ofisa Treviranus,35,3e ligne,6.4,18-Jun-09,31,25,185,108
Samoa,Patrick Faapale,7,demi,1.5,30-May-14,24,23,179,90
Samoa,Paul Perez,15,arrière,3.5,5-Jun-12,29,26,189,101
Samoa,Rey Lee-Lo,6,arrière,1,14-Nov-14,29,28,181,90
Samoa,Sakaria Taulafo,40,1e ligne,6,13-Nov-09,32,26,183,118
Samoa,Sanele Vavae Tuilagi,7,3e ligne,0.4,18-Jul-15,27,27,190,108
Samoa,Teofilo Paulo,22,2e ligne,3,9-Nov-12,28,25,198,122
Samoa,Tim Nanai-Williams,5,arrière,0.4,8-Jul-15,26,26,178,88
Samoa,TJ Ioane,8,3e ligne,1,14-Nov-14,26,25,187,96
Samoa,Tusi Pisi,25,demi,4.4,2-Jul-11,33,29,183,93
Samoa,Vavao Afemai,8,demi,1.5,30-May-14,23,22,168,65
Samoa,Viliamu Afatia,14,1e ligne,3.5,5-Jun-12,25,22,181,106
Samoa,Wayne Ole Avei,24,1e ligne,4.4,2-Jul-11,32,28,178,114
Scotland,Alasdair Dickinson,52,1e ligne,8.2,23-Sep-07,32,24,185,111
Scotland,Alasdair Strokosch,47,3e ligne,9,25-Nov-06,32,23,191,109
Scotland,Blair Cowan,15,3e ligne,1.5,7-Jun-14,29,28,188,108
Scotland,David Denton,32,3e ligne,4.3,6-Aug-11,25,21,196,114
Scotland,Duncan Weir,21,demi,3.8,26-Feb-12,24,20,176,90
Scotland,Finn Russell,15,demi,1.5,7-Jun-14,23,22,182,87
Scotland,Fraser Brown,15,1e ligne,2.4,22-Jun-13,26,24,183,103
Scotland,Gordon Reid,15,1e ligne,1.5,7-Jun-14,28,27,188,120
Scotland,Grant Gilchrist,12,2e ligne,2.7,16-Mar-13,25,22,202,120
Scotland,Greig Laidlaw,46,demi,5,13-Nov-10,30,25,176,80
Scotland,Henry Pyrgos,17,demi,3,11-Nov-12,26,23,178,80
Scotland,John Hardie,5,3e ligne,0.3,22-Aug-15,27,27,183,102
Scotland,Jon Welsh,11,1e ligne,3.7,17-Mar-12,29,25,185,111
Scotland,Jonny Gray,19,2e ligne,2,17-Nov-13,21,19,198,119
Scotland,Josh Strauss,5,3e ligne,0.2,23-Sep-15,29,29,193,114
Scotland,Kevin Bryce,3,1e ligne,1.5,14-Jun-14,27,26,178,92
Scotland,Mark Bennett,13,arrière,1,8-Nov-14,22,21,183,89
Scotland,Matt Scott,33,arrière,3.7,10-Mar-12,25,21,186,101
Scotland,Peter Horne,15,arrière,2.5,8-Jun-13,26,24,183,92
Scotland,Richie Gray,51,2e ligne,5.8,7-Feb-10,26,20,207,126
Scotland,Richie Vernon,24,arrière,6,14-Nov-09,28,22,195,102
Scotland,Rory Sutherland,0,1e ligne,,,23,23,180,110
Scotland,Ross Ford,94,1e ligne,11.1,6-Nov-04,31,20,186,115
Scotland,Ryan Grant,25,1e ligne,3.5,5-Jun-12,30,27,183,111
Scotland,Ryan Wilson,15,3e ligne,2.7,9-Mar-13,26,23,191,105
Scotland,Sam Hidalgo-Clyne,8,demi,0.8,7-Feb-15,22,21,175,87
Scotland,Sean Lamont,101,arrière,11.5,4-Jun-04,34,23,188,105
Scotland,Sean Maitland,20,arrière,2.8,2-Feb-13,27,24,188,98
Scotland,Stuart Hogg,38,arrière,3.8,12-Feb-12,23,19,180,93
Scotland,Tim Swinson,17,2e ligne,2.4,15-Jun-13,28,26,193,116
Scotland,Tim Visser,23,arrière,3.4,16-Jun-12,28,25,196,109
Scotland,Tommy Seymour,22,arrière,2.4,15-Jun-13,27,25,183,95
Scotland,Willem Nel,8,1e ligne,0.3,22-Aug-15,29,29,182,120
South Africa,Adriaan Strauss,54,1e ligne,7.4,19-Jul-08,30,23,184,112
South Africa,Bismarck Du Plessis,79,1e ligne,8.4,7-Jul-07,31,23,190,115
South Africa,Bryan Habana,117,arrière,11,20-Nov-04,32,21,179,94
South Africa,Coenie Oosthuizen,23,1e ligne,3.5,9-Jun-12,26,23,187,126
South Africa,Damian De Allende,13,arrière,1.3,16-Aug-14,24,23,189,109
South Africa,Duane Vermeulen,35,3e ligne,3.2,8-Sep-12,29,26,193,108
South Africa,Eben Etzebeth,44,2e ligne,3.5,9-Jun-12,24,21,203,117
South Africa,Fourie Du Preez,76,demi,11.5,12-Jun-04,33,22,183,88
South Africa,Francois Louw,43,3e ligne,5.5,5-Jun-10,30,25,190,114
South Africa,Frans Malherbe,12,1e ligne,2,9-Nov-13,24,22,190,123
South Africa,Handre Pollard,20,demi,1.4,28-Jun-14,21,20,189,98
South Africa,Jan Serfontein,26,arrière,2.5,8-Jun-13,22,20,187,97
South Africa,Jannie Du Plessis,70,1e ligne,8.4,7-Jul-07,33,25,187,123
South Africa,Jean De Villiers,109,arrière,13.1,9-Nov-02,34,21,190,100
South Africa,Jesse Kriel,11,arrière,0.4,18-Jul-15,21,21,186,96
South Africa,JP Pietersen,66,arrière,9.2,9-Sep-06,29,20,191,102
South Africa,Lodewyk De Jager,19,2e ligne,1.5,14-Jun-14,22,21,205,125
South Africa,Lwazi Mvovo,15,arrière,5,20-Nov-10,29,24,181,93
South Africa,Morne Steyn,60,demi,6.4,20-Jun-09,31,25,186,91
South Africa,Pat Lambie,50,demi,5.1,6-Nov-10,25,20,177,89
South Africa,Pieter-Steph Du Toit,8,2e ligne,2,9-Nov-13,23,21,200,115
South Africa,Ruan Pienaar,88,demi,9.3,26-Aug-06,31,22,186,92
South Africa,Rudy Paige,2,demi,0.1,7-Oct-15,26,26,167,70
South Africa,Schalk Brits,10,1e ligne,7.4,21-Jun-08,34,27,182,100
South Africa,Schalk Burger,86,3e ligne,12.1,24-Oct-03,32,20,193,110
South Africa,Siya Kolisi,13,3e ligne,2.4,15-Jun-13,24,22,186,99
South Africa,Tendai Mtawarira,75,1e ligne,7.5,14-Jun-08,30,23,183,116
South Africa,Trevor Nyakane,23,1e ligne,2.5,8-Jun-13,26,24,178,120
South Africa,Victor Matfield,127,2e ligne,14.4,30-Jun-01,38,24,201,110
South Africa,Willem Alberts,38,3e ligne,5,13-Nov-10,31,26,192,120
South Africa,Willie Le Roux,34,arrière,2.5,8-Jun-13,26,24,186,90
South Africa,Zane Kirchner,31,arrière,6.4,4-Jul-09,31,25,184,92
Tonga,Aleki Lutui,38,1e ligne,16.7,28-Mar-99,37,20,185,108
Tonga,David Halaifonua,15,arrière,6.5,13-Jun-09,28,22,189,85
Tonga,Elvis Taione,21,1e ligne,3,10-Nov-12,32,29,178,112
Tonga,Fetu'u Vainikolo,25,arrière,4.3,13-Aug-11,30,26,180,95
Tonga,Halani 'Aulika,17,1e ligne,4.3,13-Aug-11,32,28,190,120
Tonga,Hale T Pole,33,3e ligne,8.8,10-Feb-07,36,27,190,109
Tonga,Jack Ram,5,3e ligne,0.3,29-Jul-15,28,28,189,105
Tonga,Joseph Tuineau,25,2e ligne,4.4,2-Jul-11,34,30,203,120
Tonga,Kurt Morath,30,demi,6,28-Nov-09,31,25,186,85
Tonga,Latiume Fosita,14,demi,2,16-Nov-13,23,21,187,97
Tonga,Nili Latu,43,3e ligne,9.5,4-Jun-06,33,24,180,101
Tonga,Opeti Fonua,8,3e ligne,6.5,13-Jun-09,29,23,198,120
Tonga,Paula Ngauamo,6,1e ligne,1.5,7-Jun-14,25,24,185,122
Tonga,Samisoni Fisilau,18,demi,5.5,12-Jun-10,27,22,182,95
Tonga,Siale Piutau,24,arrière,4.3,13-Aug-11,30,26,185,99
Tonga,Sila Puafisi,23,1e ligne,4.4,9-Jul-11,27,23,183,94
Tonga,Sione Kalamafoni,29,3e ligne,8.8,10-Feb-07,27,18,194,117
Tonga,Sione Piukala,17,arrière,3,10-Nov-12,30,27,180,105
Tonga,Sitiveni Mafi,17,3e ligne,5.5,12-Jun-10,25,20,196,102
Tonga,Soane Tonga'uiha,18,1e ligne,10,12-Nov-05,33,23,194,115
Tonga,Sona Taumalolo,20,1e ligne,4.4,2-Jul-11,34,30,185,112
Tonga,Sonatane Takulua,14,demi,1.5,7-Jun-14,24,23,180,95
Tonga,Sosefo Maake,1,demi,0.3,29-Jul-15,24,24,179,97
Tonga,Telusa Veainu,8,arrière,0.4,18-Jul-15,24,24,190,103
Tonga,Tevita Mailau,18,1e ligne,3.5,5-Jun-12,30,27,180,100
Tonga,Tukulua Lokotui,28,2e ligne,14,17-Nov-01,35,21,193,118
Tonga,Uili Kolo'ofa'i,5,2e ligne,2,9-Nov-13,33,31,197,118
Tonga,Viliami Ma'afu,28,3e ligne,4.5,8-Jun-11,33,29,190,109
Tonga,Viliami Tahitua,3,arrière,0.3,24-Jul-15,23,23,180,105
Tonga,Vungakoto Lilo,42,arrière,8.8,10-Feb-07,32,23,187,95
Tonga,Will Helu,23,arrière,5.4,19-Jun-10,29,24,190,89
Uruguay,Agustin Alonso,14,3e ligne,1.6,26-Apr-14,24,22,174,85
Uruguay,Agustin Ormaechea,27,demi,4,13-Nov-11,24,20,176,86
Uruguay,Alberto Roman,37,arrière,4.5,14-May-11,28,24,180,96
Uruguay,Alejandro Nieto,31,3e ligne,3.5,20-May-12,27,24,186,108
Uruguay,Alejo Corral,50,1e ligne,6,14-Nov-09,34,28,179,105
Uruguay,Alejo Duran,35,demi,3.5,8-Jun-12,24,21,171,79
Uruguay,Andres Vilaseca,16,arrière,2.6,27-Apr-13,24,21,196,95
Uruguay,Carlos Arboleya,54,1e ligne,11.1,30-Oct-04,30,19,173,110
Uruguay,Diego Magno,51,3e ligne,7.4,20-Jun-08,26,19,188,105
Uruguay,Felipe Berchesi,18,demi,4,13-Nov-11,24,20,178,80
Uruguay,Fernando Bascou,26,3e ligne,4,13-Nov-11,28,24,188,96
Uruguay,Francisco Bulanti,24,arrière,11.6,25-Apr-04,35,23,178,91
Uruguay,Franco Lamanna,25,3e ligne,3.5,8-Jun-12,24,21,188,100
Uruguay,Gaston Mieres,41,arrière,5.5,16-May-10,26,21,181,80
Uruguay,German Kessler,13,1e ligne,0.6,11-Apr-15,21,20,184,105
Uruguay,Jeronimo Etcheverry,43,arrière,7.1,8-Nov-08,27,20,178,85
Uruguay,Joaquin Prada,32,arrière,2.5,7-Jun-13,24,22,181,93
Uruguay,Jorge Zerbino,14,2e ligne,0.6,11-Apr-15,23,22,192,112
Uruguay,Juan De Freitas,41,3e ligne,6,21-Nov-09,25,19,181,97
Uruguay,Juan Manuel Gaminara,27,3e ligne,5,13-Nov-10,26,21,175,95
Uruguay,Leandro Leivas,44,arrière,7.1,8-Nov-08,27,20,181,98
Uruguay,Manuel Blengio,11,demi,0.6,11-Apr-15,21,20,173,77
Uruguay,Mario Sagario,51,1e ligne,9.4,22-Jul-06,29,20,187,116
Uruguay,Mateo Sanguinetti,18,1e ligne,1.6,26-Apr-14,23,21,185,105
Uruguay,Mathias Palomeque,26,2e ligne,4.5,17-May-11,29,25,191,105
Uruguay,Matias Beer,15,3e ligne,1.6,26-Apr-14,21,19,193,87
Uruguay,Nicolas Klappenbach,48,1e ligne,10,12-Nov-05,33,23,178,98
Uruguay,Oscar Duran,35,1e ligne,14,24-Nov-01,35,21,174,115
Uruguay,Rodrigo Silva,18,arrière,3,11-Nov-12,23,20,175,75
Uruguay,Santiago Gibernau,35,arrière,6.6,25-Apr-09,27,20,183,85
Uruguay,Santiago Vilaseca,37,2e ligne,7.5,31-May-08,31,24,187,106
USA,AJ MacGinty,8,demi,0.4,18-Jul-15,25,25,183,87
USA,Al McFarland,9,3e ligne,0.3,24-Jul-15,26,26,193,114
USA,Andrew Durutalo,12,3e ligne,3.5,9-Jun-12,28,25,187,102
USA,Andrew Suniula,38,arrière,7,16-Nov-08,33,26,189,105
USA,Blaine Scully,29,arrière,4.4,18-Jun-11,27,23,192,92
USA,Brett Thompson,6,arrière,1.4,21-Jun-14,25,24,193,91
USA,Cam Dolan,20,3e ligne,2.4,19-Jun-13,25,23,198,107
USA,Chris Baumann,7,1e ligne,0.3,29-Jul-15,28,28,183,118
USA,Chris Wyles,54,arrière,8.5,18-May-07,32,24,183,93
USA,Danny Barrett,13,3e ligne,1.5,7-Jun-14,25,24,193,97
USA,Eric Fry,36,1e ligne,4.5,8-Jun-11,28,24,193,116
USA,Folau Niua,17,arrière,2.3,17-Aug-13,30,28,180,92
USA,Greg Peterson,11,2e ligne,1,8-Nov-14,24,23,204,123
USA,Hayden Smith,29,2e ligne,7.1,8-Nov-08,30,23,200,116
USA,Joe Taufetee,1,1e ligne,0.1,7-Oct-15,23,23,183,114
USA,John Quill,17,3e ligne,3,9-Nov-12,25,22,187,102
USA,Louis Stanfill,56,2e ligne,10.5,25-May-05,30,20,192,110
USA,Matekitonga Moeakiola,32,1e ligne,8.2,8-Sep-07,37,29,183,118
USA,Matthew Trouville,5,3e ligne,1,8-Nov-14,29,28,190,100
USA,Mike Petri,57,demi,8.2,30-Sep-07,31,23,180,86
USA,Niku Kruger,2,demi,0.3,22-Aug-15,24,24,175,84
USA,Oli Kilifi,15,1e ligne,2,16-Nov-13,29,27,180,118
USA,Phil Thiel,36,1e ligne,6,14-Nov-09,31,25,180,111
USA,Samu Manoa,15,2e ligne,5,27-Nov-10,30,25,198,122
USA,Seamus Kelly,23,arrière,2.5,25-May-13,24,22,178,91
USA,Shalom Suniula,16,demi,1.7,22-Mar-14,27,25,180,86
USA,Takudzwa Ngwenya,35,arrière,8.2,8-Sep-07,30,22,178,84
USA,Thretton Palamo,13,arrière,8.2,30-Sep-07,27,19,193,104
USA,Titi Lamositele,16,1e ligne,2.3,17-Aug-13,20,18,183,113
USA,Zach Fenoglio,17,1e ligne,3,9-Nov-12,26,23,188,117
USA,Zach Test,6,arrière,0.4,18-Jul-15,26,26,190,88
Wales,Aaron Jarvis,16,1e ligne,3,10-Nov-12,29,26,183,116
Wales,Alex Cuthbert,40,arrière,4,3-Dec-11,25,21,198,103
Wales,Alun Wyn Jones,94,2e ligne,9.5,11-Jun-06,30,21,196,125
Wales,Bradley Davies,49,2e ligne,6.8,8-Feb-09,28,21,198,122
Wales,Cory Allen,4,arrière,2,16-Nov-13,22,20,193,99
Wales,Dan Biggar,39,demi,7,14-Nov-08,26,19,185,94
Wales,Dan Lydiate,51,3e ligne,6,21-Nov-09,27,21,193,115
Wales,Dominic Day,3,2e ligne,0.3,8-Aug-15,30,30,196,116
Wales,Eli Walker,1,arrière,0.3,8-Aug-15,23,23,184,91
Wales,Gareth Anscombe,3,arrière,0.3,8-Aug-15,24,24,184,90
Wales,Gareth Davies,9,demi,1.5,14-Jun-14,25,24,178,90
Wales,George North,55,arrière,5,13-Nov-10,23,18,192,107
Wales,Gethin Jenkins,119,1e ligne,13.1,1-Nov-02,35,22,188,117
Wales,Hallam Amos,5,arrière,2,22-Nov-13,21,19,180,98
Wales,Jake Ball,15,2e ligne,1.8,8-Feb-14,24,22,200,122
Wales,James Hook,81,arrière,9.5,11-Jun-06,30,21,183,95
Wales,James King,7,3e ligne,2.5,8-Jun-13,25,23,193,108
Wales,Jamie Roberts,74,arrière,7.8,9-Feb-08,29,21,193,110
Wales,Justin Tipuric,38,3e ligne,4.3,20-Aug-11,26,22,186,101
Wales,Ken Owens,34,1e ligne,4.2,26-Sep-11,28,24,184,108
Wales,Liam Williams,26,arrière,3.5,2-Jun-12,24,21,188,87
Wales,Lloyd Williams,24,demi,4.3,20-Aug-11,25,21,183,89
Wales,Luke Charteris,62,2e ligne,11.1,6-Nov-04,32,21,206,125
Wales,Matthew Morgan,5,arrière,1.5,14-Jun-14,23,22,173,77
Wales,Mike Phillips,94,demi,12.3,27-Aug-03,33,21,191,102
Wales,Paul James,65,1e ligne,12.3,27-Aug-03,33,21,186,116
Wales,Rhys Priestland,40,demi,4.8,12-Feb-11,28,23,182,90
Wales,Ross Moriarty,4,3e ligne,0.3,8-Aug-15,21,21,188,103
Wales,Sam Warburton,60,3e ligne,6.5,6-Jun-09,27,21,188,103
Wales,Samson Lee,17,1e ligne,2,16-Nov-13,22,20,192,107
Wales,Scott Baldwin,15,1e ligne,2.4,15-Jun-13,27,25,190,115
Wales,Scott Williams,34,arrière,4.5,4-Jun-11,25,21,185,100
Wales,Taulupe Faletau,52,3e ligne,4.5,4-Jun-11,25,21,189,113
Wales,Tom Francis,7,1e ligne,0.2,29-Aug-15,23,23,189,130
Wales,Tyler Morgan,3,arrière,0.3,8-Aug-15,20,20,186,103
